jornada;apodo;numeroApuesta;p1;p2;p3;p4;p5;p6;p7;p8;p9;p10;p11;p12;p13;p14;creadaPorApodo
1;M;1;1;x;2;1;1;x;1;1;1;x;1;1;1;2;M
1;M;2;1;2;X;1;1;1;1;X;2;2;1;X;X;2;M
1;D;1;X;1;2;X;1;1;2;1;1;X;X;1;1;2;D
1;D;2;2;X;X;1;X;2;1;1;1;1;1;X;1;X;D
1;B;1;X;2;2;1;X;2;1;X;X;1;2;1;X;1;B
1;B;2;1;X;X;1;X;X;1;X;X;1;1;1;1;1;B
1;H;1;1;X;2;X;1;2;2;1;1;1;1;1;1;X;H
1;H;2;X;1;2;1;1;1;1;1;1;1;1;1;1;1;H
1;J;1;X;1;2;1;1;1;1;X;1;1;X;1;1;X;X
1;J;2;1;x;2;1;1;1;1;1;x;1;1;2;1;1;X
1;X;1;1;1;2;1;1;1;1;1;1;1;1;1;1;1;X
1;X;2;X;1;2;1;1;X;1;X;X;1;X;2;1;1;X
1;T;1;1;2;1;1;1;1;1;1;2;2;1;1;x;1;T
1;T;2;1;2;1;1;2;1;1;1;x;2;1;1;x;1;T
1;O;1;1;1;x;1;1;1;1;x;1;x;1;1;1;1;O
1;O;2;x;1;2;1;x;1;1;1;x;1;x;1;1;1;O
1;K;1;2;x;1;1;x;1;1;x;x;1;1;2;1;1;K
1;K;2;1;2;1;1;2;1;1;x;1;2;1;x;2;1;K
1;A;1;1;1;2;x;x;1;1;1;x;1;1;1;x;1;A
1;A;2;x;2;2;1;1;2;1;1;2;x;x;1;1;1;A
2;D;1;1;X;2;X;2;1;1;X;2;1;X;1;2;2;D
2;D;2;X;2;2;1;2;1;X;1;1;X;1;1;X;2;D
2;O;1;1;X;2;1;2;1;X;1;2;2;X;1;1;X;O
2;O;2;1;1;2;1;2;1;2;1;2;X;1;1;1;2;O
2;M;1;1;1;X;1;2;X;1;1;1;1;1;2;1;2;M
2;M;2;1;1;2;1;2;1;1;2;2;X;1;1;1;X;M
2;H;1;1;2;X;1;2;X;1;1;1;1;2;X;1;2;H
2;H;2;2;X;2;X;1;X;X;2;2;X;1;2;2;1;H
2;K;1;2;1;2;X;2;1;1;X;1;2;1;1;1;1;K
2;T;1;1;1;2;2;2;1;1;1;2;1;1;1;1;1;O
2;K;2;2;X;2;X;2;1;1;2;1;X;1;X;1;2;K
2;T;2;1;1;2;2;2;1;1;1;1;X;X;1;1;1;O
2;A;1;1;X;2;X;2;X;1;1;1;2;X;1;X;1;A
2;A;2;1;2;2;1;X;1;2;1;X;X;1;1;1;1;A
2;B;1;1;2;2;1;X;2;1;X;X;1;2;1;X;1;B
2;B;2;1;X;X;1;X;X;1;X;X;1;1;1;X;1;B
2;J;1;1;X;2;1;2;1;1;1;1;1;1;1;2;1;J
2;J;2;1;1;2;1;2;1;X;1;2;2;1;1;1;2;J
2;X;1;1;X;2;1;2;1;X;1;2;1;1;1;X;2;X
2;X;2;1;1;2;X;2;X;1;1;X;2;X;1;X;2;X
3;K;1;1;X;1;1;2;1;1;1;X;1;2;1;1;1;K
3;K;2;2;X;2;1;X;1;1;1;2;1;1;X;1;1;K
3;A;1;2;X;2;1;X;1;X;X;2;X;1;X;1;1;A
3;A;2;X;1;1;1;2;X;1;X;2;2;1;1;1;1;A
3;T;1;1;1;2;1;1;1;1;X;1;1;1;1;2;1;T
3;T;2;2;1;2;1;1;1;1;X;1;1;2;1;1;1;T
3;B;1;X;2;X;1;1;1;X;X;1;2;1;X;2;X;B
3;B;2;2;X;1;1;X;1;2;X;1;2;1;X;1;1;B
3;J;1;2;1;2;1;X;1;1;1;1;1;1;1;2;1;J
3;J;2;2;1;2;1;X;1;1;1;1;1;1;1;2;1;J
3;X;1;2;1;2;1;1;1;1;1;X;X;1;1;2;1;X
3;X;2;X;1;X;1;1;1;X;2;1;1;1;1;X;1;X
3;M;1;1;1;2;1;X;1;1;1;1;2;2;X;1;1;M
3;M;2;X;1;2;1;1;X;1;1;1;X;X;1;1;1;M
3;D;1;X;1;X;1;1;X;1;2;X;1;1;X;2;1;D
3;D;2;2;X;1;1;1;1;X;X;1;2;1;2;1;X;D
3;H;1;2;X;1;1;1;2;X;1;X;2;X;1;2;1;H
3;H;2;1;1;X;2;2;1;2;2;1;1;1;X;X;2;H
3;O;1;2;1;2;1;X;1;1;X;1;1;1;2;2;1;O
3;O;2;2;1;X;1;1;X;1;2;1;1;1;2;2;1;O
4;J;1;1;1;1;2;X;1;X;1;X;1;2;2;1;1;J
4;J;2;2;X;1;2;1;X;1;2;2;1;2;2;1;1;J
4;X;1;X;X;1;2;1;1;1;X;2;1;2;2;1;1;X
4;X;2;2;1;1;2;X;1;1;2;X;1;2;2;1;1;X
4;A;1;X;2;1;X;X;1;2;2;1;2;1;2;X;1;A
4;A;2;2;X;1;2;X;X;X;2;1;X;2;2;1;1;A
4;T;1;X;2;1;2;1;1;1;1;X;X;2;2;1;1;T
4;T;2;2;1;1;2;1;1;X;1;1;1;2;2;1;1;T
4;B;1;X;X;X;2;X;1;2;1;X;X;2;2;1;1;B
4;B;2;2;1;1;2;X;1;X;1;1;X;2;1;1;1;B
4;H;1;2;1;1;2;1;1;1;X;X;1;2;2;1;1;H
4;H;2;2;1;1;2;1;1;1;2;1;1;2;2;1;1;H
4;K;1;2;X;1;2;1;1;X;1;1;1;2;1;1;1;K
4;K;2;2;1;X;2;1;1;1;1;1;X;2;1;1;1;K
4;D;1;1;X;1;2;1;X;1;X;2;1;2;2;1;1;D
4;D;2;2;1;X;2;X;1;X;1;X;1;2;2;1;1;D
4;M;1;X;1;2;2;1;1;1;1;X;2;2;X;1;1;M
4;M;2;1;1;1;2;1;1;X;1;1;1;2;2;1;1;M
4;O;1;2;X;1;2;1;X;1;2;X;1;2;2;1;1;O
4;O;2;2;1;X;2;1;1;X;2;2;1;2;2;1;1;O
5;J;1;1;2;1;X;1;1;X;2;1;X;X;1;1;1;J
5;J;2;1;2;1;X;1;1;1;2;1;1;1;1;1;1;J
5;X;1;1;2;1;X;1;1;1;X;2;1;X;1;1;1;X
5;X;2;1;2;2;1;1;1;X;2;X;2;1;1;1;1;X
5;T;1;1;2;1;1;1;1;X;1;2;1;1;1;2;1;T
5;T;2;1;2;1;2;1;1;1;1;X;2;1;1;2;1;T
5;O;1;1;2;1;X;1;1;X;2;X;1;1;2;1;1;O
5;O;2;1;2;X;1;1;X;1;2;1;1;1;2;1;1;O
5;B;1;2;X;1;1;X;X;2;X;1;X;1;1;1;1;B
5;B;2;1;2;2;1;1;1;X;X;2;X;1;1;1;1;B
5;A;1;1;2;X;1;1;1;X;1;1;1;1;2;1;2;A
5;A;2;1;2;2;X;1;X;2;1;X;1;1;2;X;1;A
5;D;1;1;2;X;1;1;1;X;2;X;2;1;X;1;1;D
5;D;2;1;2;1;X;1;X;1;X;2;X;X;2;X;2;D
5;H;1;1;1;1;X;X;X;X;2;2;2;1;1;1;1;H
5;H;2;2;2;1;1;X;X;2;2;1;2;1;1;X;2;H
5;M;1;1;2;X;1;1;X;2;1;1;1;1;X;1;1;M
5;M;2;1;2;1;1;1;1;X;1;2;1;X;2;1;1;M
5;K;1;2;2;1;X;1;1;X;2;1;1;1;2;1;1;K
5;K;2;2;2;X;2;1;X;1;1;1;2;1;1;1;1;K
