nombreLargo;nombreCorto
ALAVÉS (F);ALAVÉS (F)
ALAVÉS (M);ALAVÉS (M)
ALBACETE (M);ALBACETE (M)
ALMERÍA (M);ALMERÍA (M)
ANDORRA (M);ANDORRA (M)
AT. MADRID (F);AT. MADRID (F)
AT. MADRID (M);AT. MADRID (M)
ATHLETIC CLUB (F);ATHLETIC CLUB (F)
ATHLETIC CLUB (M);ATHLETIC CLUB (M)
BADALONA W. (F);BADALONA W. (F)
BARCELONA (M);BARCELONA (M)
BETIS (M);BETIS (M)
BURGOS (M);BURGOS (M)
CÁDIZ (M);CÁDIZ (M)
CASTELLÓN (M);CASTELLÓN (M)
CELTA (M);CELTA (M)
CELTA FORTUNA (M);CELTA FORTUNA (M)
CEUTA (M);CEUTA (M)
CÓRDOBA (M);CÓRDOBA (M)
DEPORTIVO (M);DEPORTIVO (M)
EIBAR (F);EIBAR (F)
EIBAR (M);EIBAR (M)
ELCHE (M);ELCHE (M)
ELDENSE (M);ELDENSE (M)
ESPANYOL (F);ESPANYOL (F)
ESPANYOL (M);ESPANYOL (M)
GETAFE (M);GETAFE (M)
GIRONA (M);GIRONA (M)
GRANADA (M);GRANADA (M)
LAS PALMAS (M);LAS PALMAS (M)
LEGANÉS (M);LEGANÉS (M)
LEVANTE (M);LEVANTE (M)
MÁLAGA (M);MÁLAGA (M)
MALLORCA (M);MALLORCA (M)
OSASUNA (M);OSASUNA (M)
R. OVIEDO (M);R. OVIEDO (M)
R. VALLADOLID (M);R. VALLADOLID (M)
RACING SANTANDER (M);RACING SANTANDER (M)
RAYO VALLECANO (M);RAYO VALLECANO (M)
REAL MADRID (F);REAL MADRID (F)
REAL MADRID (M);REAL MADRID (M)
REAL SOCIEDAD (M);REAL SOCIEDAD (M)
SABADELL (M);SABADELL (M)
SEVILLA (M);SEVILLA (M)
SPORTING (M);SPORTING (M)
TENERIFE (M);TENERIFE (M)
VALENCIA (F);VALENCIA (F)
VALENCIA (M);VALENCIA (M)
VILLARREAL (M);VILLARREAL (M)