jornada;orden;equipoLocal;equipoVisitante
1;1;ALAVÉS (M);GETAFE (M)
1;2;SEVILLA (M);RAYO VALLE. (M)
1;3;RACING S. (M);VILLARREAL (M)
1;4;ESPANYOL (M);LEVANTE (M)
1;5;CELTA (M);OSASUNA (M)
1;6;ANDORRA (M);CEUTA (M)
1;7;CÁDIZ (M);CELTA FORT. (M)
1;8;R. OVIEDO (M);GRANADA (M)
1;9;MALLORCA (M);R. VALLADOLID (M)
1;10;EIBAR (M);TENERIFE (M)
1;11;BURGOS (M);CÓRDOBA (M)
1;12;GIRONA (M);LEGANÉS (M)
1;13;LAS PALMAS (M);ALBACETE (M)
1;14;SPORTING (M);SABADELL (M)
1;15;DEPORTIVO (M);ELCHE (M)
2;1;ATH.CLUB (M);SEVILLA (M)
2;2;VALENCIA (M);CELTA (M)
2;3;ESPANYOL (M);R.MADRID (M)
2;4;GETAFE (M);RACING S. (M)
2;5;ELCHE (M);BARCELONA (M)
2;6;OSASUNA (M);LEVANTE (M)
2;7;MÁLAGA (M);DEPORTIVO (M)
2;8;R. OVIEDO (M);LEGANÉS (M)
2;9;CEUTA (M);LAS PALMAS (M)
2;10;ELDENSE (M);CÁDIZ (M)
2;11;EIBAR (M);R. VALLADOLID (M)
2;12;CASTELLÓN (M);SABADELL (M)
2;13;SPORTING (M);BURGOS (M)
2;14;TENERIFE (M);ALMERÍA (M)
2;15;AT. MADRID (M);VILLARREAL (M)
3;1;LEVANTE (M);BETIS (M)
3;2;R.SOCIEDAD (M);ESPANYOL (M)
3;3;SEVILLA (M);AT. MADRID (M)
3;4;R.MADRID (M);MÁLAGA (M)
3;5;DEPORTIVO (M);VALENCIA (M)
3;6;CELTA (M);ATH.CLUB (M)
3;7;OSASUNA (M);GETAFE (M)
3;8;ALBACETE (M);R. OVIEDO (M)
3;9;CÁDIZ (M);R. VALLADOLID (M)
3;10;CÓRDOBA (M);GRANADA (M)
3;11;ATH.CLUB (F);BADALONA W. (F)
3;12;EIBAR (F);ESPANYOL (F)
3;13;ALAVÉS (F);VALENCIA (F)
3;14;R.MADRID (F);AT. MADRID (F)
3;15;BARCELONA (M);RAYO VALLE. (M)
4;1;ATH.CLUB (M);AT. MADRID (M)
4;2;RAYO VALLE. (M);RACING S. (M)
4;3;VILLARREAL (M);DEPORTIVO (M)
4;4;VALENCIA (M);BARCELONA (M)
4;5;ALAVÉS (M);OSASUNA (M)
4;6;MÁLAGA (M);LEVANTE (M)
4;7;ESPANYOL (M);SEVILLA (M)
4;8;R.SOCIEDAD B (M);TENERIFE (M)
4;9;SPORTING (M);GIRONA (M)
4;10;ALMERÍA (M);CÁDIZ (M)
4;11;SEVILLA (F);BARCELONA (F)
4;12;LOGROÑO (F);ATH.CLUB (F)
4;13;AT. MADRID (F);ALAVÉS (F)
4;14;R.MADRID (F);EIBAR (F)
4;15;GETAFE (M);CELTA (M)
5;1;ATH.CLUB (M);ELCHE (M)
5;2;LEVANTE (M);BARCELONA (M)
5;3;OSASUNA (M);ESPANYOL (M)
5;4;RACING S. (M);ALAVÉS (M)
5;5;R.MADRID (M);RAYO VALLE. (M)
5;6;SEVILLA (M);VALENCIA (M)
5;7;VILLARREAL (M);BETIS (M)
5;8;CÁDIZ (M);LAS PALMAS (M)
5;9;TENERIFE (M);LEGANÉS (M)
5;10;R. VALLADOLID (M);R. OVIEDO (M)
5;11;ALAVÉS (F);GRANADA (F)
5;12;LOGROÑO (F);VALENCIA (F)
5;13;EIBAR (F);BADALONA W. (F)
5;14;MADRID CFF (F);SEVILLA (F)
5;15;R.SOCIEDAD (M);AT. MADRID (M)